Restaurants,Food
Shopping,Shopping
Food,Food
Beauty & Spas,Beauty & Spas
Home Services,Home Services
Health & Medical,Health & Medical
Nightlife,Nightlife
Bars,Nightlife
Automotive,Automotive
Event Planning & Services,Event Planning & Services
Active Life,Active Life
Fashion,Fashion
Sandwiches,Food
Fast Food,Food
American (Traditional),Food
Pizza,Food
Coffee & Tea,Food
Hair Salons,Beauty & Spas
Hotels & Travel,Hotels & Travel
Arts & Entertainment,Arts & Entertainment
Home & Garden,Home & Garden
Auto Repair,Automotive
Italian,Food
Burgers,Food
Doctors,Health & Medical
Breakfast & Brunch,Food
Mexican,Food
Nail Salons,Beauty & Spas
American (New),Food
Chinese,Food
Real Estate,Real Estate
Specialty Food,Food
Fitness & Instruction,Active Life
Pets,Pets
Grocery,Grocery
Bakeries,Food
Cafes,Food
Hair Removal,Beauty & Spas
Dentists,Health & Medical
Hotels,Hotels & Travel
Desserts,Food
Skin Care,Beauty & Spas
Women's Clothing,Shopping
Education,Education
Japanese,Food
Ice Cream & Frozen Yogurt,Food
Pet Services,Pets
Day Spas,Beauty & Spas
Massage,Beauty & Spas
General Dentistry,Health & Medical
Financial Services,Financial Services
Pubs,Nightlife
Chicken Wings,Food
Seafood,Food
Salad,Food
Gyms,Active Life
Sushi Bars,Food
Sports Bars,Food
Apartments,Real Estate
Caterers,Food
Flowers & Gifts,Shopping
Sporting Goods,Shopping
Wine & Spirits,Food
Beer,Food
Cosmetics & Beauty Supply,Beauty & Spas
Oil Change Stations,Automotive
Tires,Automotive
Venues & Event Spaces,Event Planning & Services
Delis,Food
Hair Stylists,Beauty & Spas
Asian Fusion,Food
Barbers,Beauty & Spas
Waxing,Beauty & Spas
Mediterranean,Food
Auto Parts & Supplies,Automotive
Trainers,Active Life
Furniture Stores,Home Services
Car Dealers,Automotive
Home Decor,Home Services
Cosmetic Dentists,Beauty & Spas
Drugstores,Health & Medical
Barbeque,Food
Department Stores,Shopping
Men's Clothing,Shopping
Canadian (New),Food
Lounges,Nightlife
Arts & Crafts,Arts & Entertainment
Convenience Stores,Grocery
Steakhouses,Food
Thai,Food
Indian,Food
Juice Bars & Smoothies,Food
Eyelash Service,Beauty & Spas
Medical Centers,Health & Medical
Massage Therapy,Beauty & Spas